sample_id,FAIL,PASS,WARN,qc_fail_rate
SAMPLE1,9,42,15,0.13636363636363635
SAMPLE2,3,51,12,0.045454545454545456
SAMPLE3,6,42,12,0.1
